column_name,missing_count,missing_percentage,non_missing_count,inferred_feature_type,recommended_preprocessing_group,needs_manual_review,issue_flags
mths_since_last_record,1136114,0.8295430815309376,233452,numeric_discrete_or_count,numeric_discrete_or_count,True,high_missingness
mths_since_recent_bc_dlq,1045111,0.7630964845797866,324455,numeric_discrete_or_count,numeric_discrete_or_count,True,high_missingness
mths_since_last_major_derog,1009260,0.7369195789030978,360306,numeric_discrete_or_count,numeric_discrete_or_count,True,high_missingness
mths_since_recent_revol_delinq,911978,0.6658883179050882,457588,numeric_discrete_or_count,numeric_discrete_or_count,True,high_missingness
il_util,887579,0.6480731852280212,481987,numeric_discrete_or_count,numeric_discrete_or_count,True,high_missingness
mths_since_rcnt_il,827012,0.6038496866890679,542554,numeric_discrete_or_count,numeric_discrete_or_count,True,high_missingness
all_util,812103,0.592963756401663,557463,numeric_discrete_or_count,numeric_discrete_or_count,True,high_missingness
inq_last_12m,812048,0.5929235976944521,557518,numeric_discrete_or_count,numeric_discrete_or_count,True,high_missingness
open_acc_6m,812048,0.5929235976944521,557518,numeric_discrete_or_count,numeric_discrete_or_count,True,high_missingness
total_cu_tl,812048,0.5929235976944521,557518,numeric_discrete_or_count,numeric_discrete_or_count,True,high_missingness
inq_fi,812047,0.5929228675361392,557519,numeric_discrete_or_count,numeric_discrete_or_count,True,high_missingness
max_bal_bc,812047,0.5929228675361392,557519,numeric_continuous,numeric_continuous,True,high_missingness
open_act_il,812047,0.5929228675361392,557519,numeric_discrete_or_count,numeric_discrete_or_count,True,high_missingness
open_il_12m,812047,0.5929228675361392,557519,numeric_discrete_or_count,numeric_discrete_or_count,True,high_missingness
open_il_24m,812047,0.5929228675361392,557519,numeric_discrete_or_count,numeric_discrete_or_count,True,high_missingness
open_rv_12m,812047,0.5929228675361392,557519,numeric_discrete_or_count,numeric_discrete_or_count,True,high_missingness
open_rv_24m,812047,0.5929228675361392,557519,numeric_discrete_or_count,numeric_discrete_or_count,True,high_missingness
total_bal_il,812047,0.5929228675361392,557519,numeric_continuous,numeric_continuous,True,high_missingness
mths_since_last_delinq,690126,0.5039012358659605,679440,numeric_discrete_or_count,numeric_discrete_or_count,True,high_missingness
mths_since_recent_inq,178574,0.13038729057234189,1190992,numeric_discrete_or_count,numeric_discrete_or_count,False,
mo_sin_old_il_acct,109109,0.0796668433649784,1260457,numeric_discrete_or_count,numeric_discrete_or_count,False,
emp_length,80401,0.05870545851751577,1289165,categorical_low_cardinality,categorical_low_cardinality,False,
pct_tl_nvr_dlq,70430,0.05142504997933652,1299136,numeric_continuous,numeric_continuous,False,
avg_cur_bal,70299,0.05132939924034329,1299267,numeric_continuous,numeric_continuous,False,
mo_sin_old_rev_tl_op,70277,0.05131333575745893,1299289,numeric_discrete_or_count,numeric_discrete_or_count,False,
mo_sin_rcnt_rev_tl_op,70277,0.05131333575745893,1299289,numeric_discrete_or_count,numeric_discrete_or_count,False,
num_rev_accts,70277,0.05131333575745893,1299289,numeric_discrete_or_count,numeric_discrete_or_count,False,
mo_sin_rcnt_tl,70276,0.05131260559914601,1299290,numeric_discrete_or_count,numeric_discrete_or_count,False,
num_accts_ever_120_pd,70276,0.05131260559914601,1299290,numeric_discrete_or_count,numeric_discrete_or_count,False,
num_actv_bc_tl,70276,0.05131260559914601,1299290,numeric_discrete_or_count,numeric_discrete_or_count,False,
num_actv_rev_tl,70276,0.05131260559914601,1299290,numeric_discrete_or_count,numeric_discrete_or_count,False,
num_bc_tl,70276,0.05131260559914601,1299290,numeric_discrete_or_count,numeric_discrete_or_count,False,
num_il_tl,70276,0.05131260559914601,1299290,numeric_discrete_or_count,numeric_discrete_or_count,False,
num_op_rev_tl,70276,0.05131260559914601,1299290,numeric_discrete_or_count,numeric_discrete_or_count,False,
num_rev_tl_bal_gt_0,70276,0.05131260559914601,1299290,numeric_discrete_or_count,numeric_discrete_or_count,False,
num_tl_90g_dpd_24m,70276,0.05131260559914601,1299290,numeric_discrete_or_count,numeric_discrete_or_count,False,
num_tl_op_past_12m,70276,0.05131260559914601,1299290,numeric_discrete_or_count,numeric_discrete_or_count,False,
tot_coll_amt,70276,0.05131260559914601,1299290,numeric_discrete_or_count,numeric_discrete_or_count,False,
tot_cur_bal,70276,0.05131260559914601,1299290,numeric_continuous,numeric_continuous,False,
tot_hi_cred_lim,70276,0.05131260559914601,1299290,numeric_continuous,numeric_continuous,False,
total_il_high_credit_limit,70276,0.05131260559914601,1299290,numeric_continuous,numeric_continuous,False,
total_rev_hi_lim,70276,0.05131260559914601,1299290,numeric_continuous,numeric_continuous,False,
bc_util,64983,0.04744787764883182,1304583,numeric_continuous,numeric_continuous,False,
percent_bc_gt_75,64617,0.04718063970630112,1304949,numeric_continuous,numeric_continuous,False,
bc_open_to_buy,64204,0.046879084323062925,1305362,numeric_continuous,numeric_continuous,False,
mths_since_recent_bc,63266,0.046194195825538895,1306300,numeric_discrete_or_count,numeric_discrete_or_count,False,
num_bc_sats,58590,0.04277997555429968,1310976,numeric_discrete_or_count,numeric_discrete_or_count,False,
num_sats,58590,0.04277997555429968,1310976,numeric_discrete_or_count,numeric_discrete_or_count,False,
acc_open_past_24mths,50030,0.036529820395658184,1319536,numeric_discrete_or_count,numeric_discrete_or_count,False,
mort_acc,50030,0.036529820395658184,1319536,numeric_discrete_or_count,numeric_discrete_or_count,False,
total_bal_ex_mort,50030,0.036529820395658184,1319536,numeric_continuous,numeric_continuous,False,
total_bc_limit,50030,0.036529820395658184,1319536,numeric_discrete_or_count,numeric_discrete_or_count,False,
pub_rec_bankruptcies,1365,0.0009966660971431826,1368201,numeric_discrete_or_count,numeric_discrete_or_count,False,
revol_util,924,0.0006746662811430774,1368642,numeric_continuous,numeric_continuous,False,
dti,398,0.00029060300854431256,1369168,numeric_continuous,numeric_continuous,False,
chargeoff_within_12_mths,145,0.00010587295537418423,1369421,numeric_discrete_or_count,numeric_discrete_or_count,False,
collections_12_mths_ex_med,145,0.00010587295537418423,1369421,numeric_discrete_or_count,numeric_discrete_or_count,False,
tax_liens,105,7.666662285716789e-05,1369461,numeric_discrete_or_count,numeric_discrete_or_count,False,
inq_last_6mths,30,2.1904749387762255e-05,1369536,numeric_discrete_or_count,numeric_discrete_or_count,False,
acc_now_delinq,29,2.1174591074836846e-05,1369537,numeric_discrete_or_count,numeric_discrete_or_count,False,
delinq_2yrs,29,2.1174591074836846e-05,1369537,numeric_discrete_or_count,numeric_discrete_or_count,False,
delinq_amnt,29,2.1174591074836846e-05,1369537,numeric_discrete_or_count,numeric_discrete_or_count,False,
earliest_cr_line,29,2.1174591074836846e-05,1369537,date_like,date_like,False,
open_acc,29,2.1174591074836846e-05,1369537,numeric_discrete_or_count,numeric_discrete_or_count,False,
pub_rec,29,2.1174591074836846e-05,1369537,numeric_discrete_or_count,numeric_discrete_or_count,False,
total_acc,29,2.1174591074836846e-05,1369537,numeric_discrete_or_count,numeric_discrete_or_count,False,
annual_inc,4,2.920633251701634e-06,1369562,numeric_continuous,numeric_continuous,False,
application_type,0,0.0,1369566,binary_or_two_value,binary,False,
fico_range_high,0,0.0,1369566,numeric_discrete_or_count,numeric_discrete_or_count,False,
fico_range_low,0,0.0,1369566,numeric_discrete_or_count,numeric_discrete_or_count,False,
home_ownership,0,0.0,1369566,categorical_low_cardinality,categorical_low_cardinality,False,
purpose,0,0.0,1369566,categorical_low_cardinality,categorical_low_cardinality,False,
revol_bal,0,0.0,1369566,numeric_continuous,numeric_continuous,False,
term,0,0.0,1369566,binary_or_two_value,binary,False,
